IMAGE ID,time stamp,likes,no.of comments,post_Metadata,post link
2001_1,09-05-2022,15773,3831,"#Gold choker
#Kurta
#The whole lehenga se
#Kamarbandh
#Earrings & kada

#Trench jacket
#Jeans
#Bustier top

#White chiffon lehenga skirt
#Long jacket
#Bustier top

#Lehenga
#Bustier top
#Earrings

#Pants
#Shirt
#Earrings
#Bustier top

Look 6:
#Sharara & dupatta
#Bustier top
#Jewels

#Green off-shoulder top",https://www.instagram.com/p/CgTev_mp_fD/
2002_1,26-01-2021,76728,257,#TopinOff_White #RodebjerLinnSilk  #SweetShirtsWomen  #DonaBlouse,https://www.instagram.com/p/CJvy5magLo-/
2001_2,29-04-2022,55143,381,"#T-shirt
#Skirt
#Heels
#Bag

#Ribbed cardigan
#Bikini
#Skirt

#Ribbed cardigan
#Pants
#Bag
#Sunglasses

#Bodysuit
#Skirt
#Sunglasses

#Corset
#Bag
#Jeans #Tie-up top
#Jeans
#Bag
#Jacket
#Ribbed tank top
#Jeans
#Bag

#Jacket & skirt
#Top
#Sunglasses

#Dress
#Heels

#Shirt
#Skirt
#Heels
#Bag

#Top
#Skirt
#Bag #sunglasses",https://www.instagram.com/p/Cc74SOuJAkw/
2002_2,16-11-2020,89229,267,#partywear #gagra_with_bellhands  ,https://www.instagram.com/p/CHpk2PoAXOy/
2001_3,19-03-2022,97482,319,#Embroidered Lehangaand and blouse set #lehanga,https://www.instagram.com/p/CbR8k0RpIN_/
2001_4,13-03-2022,60150,201,#indoWestern #EthnicCropTop #PrintedCropTop #BustierrLehenga,https://www.instagram.com/p/CbDBGqmp-gu/
2002_3,04-02-2021,93161,339,@pink chikankari anarkali,https://www.instagram.com/p/CK3e0SHgg4r/
2002_4,30-04-2021,108778,288,@pirzadas closet for wedding fashion,https://www.instagram.com/p/CORtFOUg8qy/
2003_1,15-07-2022,10910,212,@cargo pants @toco jogger,https://www.instagram.com/p/CgBe_EQug94/
2004_1,15-07-2022,519500,2282,@Green Chiffon Silk Saree With Blouse,https://www.instagram.com/p/CgCHYxRJMzq/?hl=en
2003_2,12-07-2022,4656,42,@alasha women topand skirt,https://www.instagram.com/p/Cf57_NBJGWb/
2005_01,17-09-2021,271000,1010,Babita Malkami Ruffle saree gown Halter Neck Blouse,https://www.instagram.com/p/CT6mCp7LOx1/?utm_source=ig_web_copy_link
2002_5,11-05-2021,74120,226,@saffana,https://www.instagram.com/p/COu8iL2APsW/
2004_2,24-07-2022,305551,1835,@Gerogette Saree With Heavy Work  Shrug,https://www.instagram.com/p/CgZd2uGJcXs/?hl=en
2002_6,06-09-2021,109978,352,@Dhoop kurtta with kang-ri pants,https://www.instagram.com/p/CTdsjDsov1Y/
2005_02,28-12-2021,452000,1669,anarkali suit,https://www.instagram.com/p/CYBCu73JFI-/?utm_source=ig_web_copy_link
2004_3,09-07-2022,686343,3441,@Anouk Blue & Silver Toned Rogan Print Flared Skirt,https://www.instagram.com/p/CfyVrDcpwqB/?hl=en
2002_7,17-11-2021,82345,227,@party wear pink colour sharara,https://www.instagram.com/p/CWYDEoAPCBG/
2003_9,05-01-2022,13604,74,@wool solid coat @long wool sweter,https://www.instagram.com/p/CYWpnRvt6o1/
2003_3,24-06-2022,7377,117,@embroidered lehenga @bride lehanga cholis,https://www.instagram.com/p/CfLbqFUpxgp/
2003_4,21-06-2022,11480,196,@weddingwear @brides lehanga @designer wear lehanga,https://www.instagram.com/p/CfDnsVjNDjM/
2005_03,18-06-2022,3673,150,long puffy prom dresses,https://www.instagram.com/p/Ce8RuYiDHQT/?utm_source=ig_web_copy_link
2004_4,31-05-2022,700525,3162,@Shlok Georgette Blue Lehenga,https://www.instagram.com/p/CeOSt4jJRUv/?hl=en
2002_8,05-01-2022,128304,357,@patchedshirt  @skinnydenims online,https://www.instagram.com/p/CYWN3rLPNtM/
2005_04,02-05-2022,2365,77,velvet design saree,https://www.instagram.com/p/CdDPTRlukIs/?utm_source=ig_web_copy_link
2005_05,17-12-2021,16700,293,georgette kurthi with sharara,https://www.instagram.com/p/CXk1x3YoWDu/?utm_source=ig_web_copy_link
2004_5,29-04-2022,595482,2682,@Lehenga Choli With Dupatta,https://www.instagram.com/p/Cc8EtVNsn27/?hl=en
2002_9,14-01-2022,185265,507,Styling @gumanistylists,https://www.instagram.com/p/CYscQESv4Uf/
2005_06,08-05-2022,2320,89,heavy rayon sequence designer salwar suit  heavy rayon long stitched kurtha pant with dupatta,https://www.instagram.com/p/CdSniApNxxd/?utm_source=ig_web_copy_link
2004_6,30-03-2022,723791,3262,@Cape And Kurta,https://www.instagram.com/p/CbufoAdpt4l/?hl=en
2003_5,15-06-2022,15468,85,@saava @solid women  track suit,https://www.instagram.com/p/Ce08__sNAhU/
2002_10,02-04-2022,68734,228,@Astha Narang White Silk Lehenga,https://www.instagram.com/p/Cb1p6G9omic/
2003_6,21-04-2022,11686,71,@kurta @chanderi kurta,https://www.instagram.com/p/CcmtAPbt6mH/
2005_07,09-05-2022,1857,107, unstitched faux georgette gown/ anarkali kurta & bottom material embroidered,https://www.instagram.com/p/CdVO1hRNNpm/?utm_source=ig_web_copy_link
2005_08,07-05-2022,3404,96,pre-stitched patyala pant saree,https://www.instagram.com/reel/CdPp8EWjikg/?utm_source=ig_web_copy_link
2004_7,22-01-2022,528430,3301,@Embroidered Long Kurti,https://www.instagram.com/p/CZCSkNGJLVO/?hl=en
2002_11,15-04-2022,82009,445,@Pattu Sarees,https://www.instagram.com/p/CcXBulmovAS/
2005_09,15-07-2022,2808,66,georgette ladies western dress/ gown,https://www.instagram.com/p/CgBLl1JKUCq/?utm_source=ig_web_copy_link
2003_8,16-01-2022,22507,86,@puffer jacket @long puffer jackets for women,https://www.instagram.com/p/CYy3YLzp1z0/
2004_8,14-01-2022,807525,3385,@Solid Bordered Saree With Blouse,https://www.instagram.com/p/CYs5Ah9Jz30/?hl=en
2002_12,16-05-2022,103347,318,@Wearing my favourite  @saree in organza with woven checks ,https://www.instagram.com/p/Cdm01CLPVdO/
2003_7,29-03-2022,15096,115,@long kurta @lehanga ,https://www.instagram.com/p/Cbr2SWBtL9Q/
2004_9,12-01-2022,577581,2935,@Yellow Mirrorwork Anarkali,https://www.instagram.com/p/CYopuWWpGPn/?hl=en
2002_13,13-06-2022,196851,705,@Halfsaree   @pinkgreenhalfsaree,https://www.instagram.com/p/CevCsk2Iqpb/
2004_10,29-12-2021,445411,1700,@Hand Block Printed Cotton Lehenga in Pink,https://www.instagram.com/p/CYEWHhsJcCG/?hl=en
2002_14,24-06-2022,91534,794,@Karu Pirzada,https://www.instagram.com/p/CfML_Eso2uW/
2004_11,28-12-2021,452413,1669,@Embroidered Net Pakistani Suit in Grey,https://www.instagram.com/p/CYBCu73JFI-/?hl=en
2005_10,26-02-2020,2490,20,pre-stitched saree,https://www.instagram.com/p/B9BJfYHhvfY/?utm_source=ig_web_copy_link
2006_1,24-02-2022,3696402,976,@golden boot  @puma,https://www.instagram.com/p/CaTy2GXtUGS/
2004_12,23-12-2021,443316,1914,@Multi Color Lehenga Choli,https://www.instagram.com/p/CX1MOebJyt3/?hl=en
1060_01,24-07-2022,7309,59,"#lehengas dupattas 
#weddinglehenga",https://www.instagram.com/reel/CgWgi2fpSNe/?utm_source=ig_web_copy_link
1060_02,21-07-2022,6075,92,"#white toned single bead earrings and #white bead choker in necklace 
#white princess dress for women
 #indianwear #indianprincess  #aestheticfashion",https://www.instagram.com/reel/CgO_uUAqsRe/?utm_source=ig_web_copy_link
2004_13,23-10-2021,591497,3003,@Khyati Kurties Women Solid Anarkali Kurta,https://www.instagram.com/p/CVX8sxTp5G4/?hl=en
1060_03,19-07-2022,2766,38,"Top 
Blazer 
Pants 
Heels 
Bag 
Earrings ",https://www.instagram.com/reel/CgJoI0AJoTd/?utm_source=ig_web_copy_link
1060_04,16-07-2022,12530,165,"#Pink corset + skirt 
#Pant suit + Jewel heels
#Lilac strappy sandals
#Jewel belt + earrings 
#White dress",https://www.instagram.com/reel/CgD3TrNJ_sg/?utm_source=ig_web_copy_link
2009_1,06-02-2021,336546,999,@Full Sleeve Solid Men Casual Jacket,https://www.instagram.com/p/CK8ZvZeDTxs/
2004_14,20-10-2021,621369,3489,@Ckm Women Printed Ethnic Dress Kurta,https://www.instagram.com/p/CVQCV6XpAld/?hl=en
2004_15,10-10-2021,508708,1967,@Dot Kurta Set With Chanderi Dupatta,https://www.instagram.com/p/CU176MfJm9g/?hl=en
2005_11,12-09-2020,1001,137,"Sale Gets Even Bigger!!

In a world full of trends remain a classic with the beautiful and designer collection of ethnic wear at Aliyana.

We welcome you to a safe shopping experience. All safety protocols are being followed.

Video call us on the given No. for a Virtual Shopping Experience: 72209 87654

#SaleGotBigger #RemainAClassic #Fashionista #LatestCollection #DesignerOutfits #EthinicWear #WearWhatYouLove #MeenaBazaar #Aliyana",https://www.instagram.com/p/CFBiMhlJCVT/?utm_source=ig_web_copy_link
2008_1,10-05-2022,7731,39,@crop top @lehanga @partywear lehanga,https://www.instagram.com/p/CdXqv0kvJkT/
2008_2,09-05-2022,10623,62,@saree @crap saree ,https://www.instagram.com/p/CdU_Vx3tpVp/
2022_1,06-07-2022,3565,13,@shirt dress with belt for women @shirt dress,https://www.instagram.com/p/CfqLLkuqvZ6/
2007_1,26-06-2021,673410,3413,@dash and dot - Side The Denim Block Co-ord set,https://www.instagram.com/p/CfRMVSMpFkU/?hl=en
2007_2,19-06-2021,823119,4344,@Striped Muslin Silk Blazer Cord Set,https://www.instagram.com/p/Ce_PGmJMjij/?hl=en
2005_12,22-05-2022,991000,3285,polka dot jump suit,https://www.instagram.com/p/Cd3gI8PLd9F/?utm_source=ig_web_copy_link
2022_2,02-06-2022,11213,42,@crop top @short skirts @skirts,https://www.instagram.com/p/CeTTJ5uKP_b/
2005_13,25-07-2022,87,0,single diamond mangal sutra,https://www.instagram.com/p/CgbGZiqpT5-/?utm_source=ig_web_copy_link
2009_2,09-02-2021,358383,998,@men kurta and pant set jacquard,https://www.instagram.com/p/CLEHVkYjK_3/
2023_1,22-05-2022,2746,49,@kurta sharara set @women kurta @sharara set ,https://www.instagram.com/p/Cd2mWvwNOQg/
2009_3,16-04-2021,330471,986,@Triumph  @pinkTshirtMen,https://www.instagram.com/p/CNuOaPnD_xK/
2009_4,26-07-2021,324808,7091,@Men Slim Fit Military Camouflage Casual Shirt,https://www.instagram.com/p/CRyrnd1DZ-H/
2023_2,12-05-2022,1468,33, #limeGreenShirt Kurta with draped pants & Su in the Medina kurta set with zari and Gota work,https://www.instagram.com/p/Cdcx39ihqBP/
2023_3,07-04-2022,2011,58, #sharara #sharara crop top #mustard yellow sahara with crop_top for women,https://www.instagram.com/p/CcCgnOlhCh0/
2009_5,28-06-2021,291005,6987,@Metal Aviator Glasses - men color:White  @StylishGlasses,https://www.instagram.com/p/CQqH0hcDcfz/
2024_1,29-06-2022,9546,96,"Sherwani 
Suit ",https://www.instagram.com/p/CfY9U7AFc86/
2024_2,28-02-2022,14361,156,"Kurta/Nehru jacket set 
Shawl ",https://www.instagram.com/p/CahX1TthLZm/
2005_14,20-07-2022,933,25, #peplumblouse #beltSaree,https://www.instagram.com/reel/CgOyWvrpMDQ/?utm_source=ig_web_copy_link
2005_15,30-03-2022,682,80,"Women pink Ethnic Jacket Top and Palazzo Set 
#pinksuit #suitstyle ",https://www.instagram.com/p/Cbt-9wJgiE6/?utm_source=ig_web_copy_link
2025_1,25-07-2022,1232,33,@jacket,https://www.instagram.com/p/CeloKJ_vbAz/
2005_16,29-06-2022,305,63,#earrings #single crystal earrings,https://www.instagram.com/p/CfYluIQg1eN/?utm_source=ig_web_copy_link
2025_2,25-05-2022,1054,32,#menswear #summerwear #mensfashion #adidasoriginals #forum #settlesubtle,https://www.instagram.com/p/Cd-_lNUIXGl/
2025_3,21-04-2022,1527,42,#tshirt with full sleeve black jacket,https://www.instagram.com/p/CcnYMnJv1lc/
2005_17,01-07-2022,34000,544,Bottle green lehenga with bandhani border and dupatta enhanced with pompom,https://www.instagram.com/reel/Cfeark_oZ5y/?utm_source=ig_web_copy_link
2005_18,28-04-2021,1053,38,"Ruffle Saree for prewedding and shoots and also to rock d wedding and festive seasonüíÉüíÉ

 #ethnicwear #frillsaree ",https://www.instagram.com/p/CONzt0DLpYV/?utm_source=ig_web_copy_link
2009_6,27-07-2021,353057,8339,@CuteRose Men Casual Skinsuits Zip Clousure ,https://www.instagram.com/p/CQnOp0wjP1g/
2005_19,21-07-2022,2514,21,#designer traditional kurtis ,https://www.instagram.com/p/CgRfjYbDW8-/?utm_source=ig_web_copy_link
2025_4,13-03-2022,2240,30,#mens #menswear #safarisuit #sarahandsandeep #mensfashion #suit #suitstyle #settlesubtle,https://www.instagram.com/p/CbCpWktLyHy/
2005_20,22-07-2022,1285,85,"Have a look at these stunning Indowesterns with sleeve dramaüòç‚Å†

‚Å†
#jumpsuit #indowestern ",https://www.instagram.com/p/CgT0CRlMLqi/?utm_source=ig_web_copy_link
2009_7,02-08-2021,367120,7366,@ Spacegray 42mm with the product red band to match my red iphone 7+,https://www.instagram.com/p/CSEvfYVjVyo/
2025_5,11-02-2022,2534,49,#winterwear #winterwearmen #statementpiece #converse #buckethat #streetstyle #settlesubtle,https://www.instagram.com/p/CZ1rmu5oPD5/
2025_6,01-02-2022,1398,11,#menswear #streetwear #winterwear #monochrome #monochromeoutfit #corduroy #corduroyjacket #corduroypants settlesubtle,https://www.instagram.com/p/CZcIktuocgJ/
2009_8,18-08-2021,260553,4391,@2piece solid men black suit,https://www.instagram.com/p/CSuID2So77f/
2005_21,26-05-2022,1716,10,"PRESERNTING NEW HEAVY SEQUENCE EMBROIDERY WORK TOP-LAHENGA WITH DUPATTA üëç*

Heavy Fox Georgette Silk

 Heavy Butterfly Net dupatta


Lehenga:- Semi Stitched
",https://www.instagram.com/p/CeAk--CD_Ek/?utm_source=ig_web_copy_link
2005_22,03-07-2022,1660,6,"#Grace Sparkle Gowns 
#orchid #sparklegown",https://www.instagram.com/p/CfjyDDxh9Yj/?utm_source=ig_web_copy_link
2009_9,21-08-2021,265943,4835,@Hoodie-Pastel Tie Dye,https://www.instagram.com/p/CS1n_I4jbgN/
2005_23,22-07-2022,1238,18,"High Quality Sexy Sandals üí´
WWW.REAL-FASHION.STORE ‚úîÔ∏è üëÜüèª For Shopping Tap Link in my Bio üëÜüèªSHOP NOW üõç BEST PRICE $129.99 ‚úîÔ∏è‚úîÔ∏è at @real_fashion.store ‚úîÔ∏è Free Shipping ‚úîÔ∏è‚úîÔ∏è www.real-fashion.store ‚úîÔ∏è",https://www.instagram.com/p/CgSiILYjEmA/?utm_source=ig_web_copy_link
2005_24,23-03-2022,844,39,Get fancy. #sandals #footwear #heels,https://www.instagram.com/p/Cd5sN7DvtLv/?utm_source=ig_web_copy_link
2009_10,11-09-2021,322990,7579,@Milano Moda Men Suit Purple,https://www.instagram.com/p/CTrRrAgDqUM/
2009_11,22-11-2021,3247232,6410,@Leopard square sunglasses men branddesign,https://www.instagram.com/p/CWlKM2OD-NY/
2007_3,11-06-2021,733962,3530,@Baisacrafts Firozi Gold Hand block Anarkali Set,https://www.instagram.com/p/CeqoyxTJxSl/?hl=en
2009_12,18-03-2022,247547,7699,@Golden Fleece Regent Regular-Fit Flower-print poplin sport shirt Men,https://www.instagram.com/p/CbPNTuSPHJy/
2007_4,21-05-2021,989918,3901,@White shirt-style short dress with waist tie-up,https://www.instagram.com/p/Cd0kHN9MPd_/?hl=en
2007_5,10-05-2021,785535,3235,@Georgette Saree in Grey,https://www.instagram.com/p/CdYPnaMJ5mu/?hl=en
2007_6,20-03-2021,661991,3698,@Maxi Beige Dress,https://www.instagram.com/p/CbU4Q6pp-kH/?hl=en
2009_13,16-04-2022,189207,3131,@LKJHG Men's Hooded Windbreaker jacket Autumn and Winter Printed Full Zip Outdoor Windproof,https://www.instagram.com/p/CcY35ukhS0_/
2009_14,18-09-2022,202089,3922,@Full sleeve solid men casual jacket,https://www.instagram.com/p/CdsLe_CDu3b/
2009_15,20-07-2022,165062,4602,@Navy Blue velvet bead Embroidered jodhpri suit,https://www.instagram.com/p/CgL_wePjnzt/
2005_25,11-12-2021,1800000,7036,"#green single crystal earrings

#jewellery #earrings",https://www.instagram.com/p/CXVtOQ5FfmE/?utm_source=ig_web_copy_link
2005_26,10-07-2022,2003,28,"Newsü•Ç This gorgeous vintage-inspired three stone ring holds a 158 carat unheated radiant cut sapphire centre stone!

The color of the sapphire is champagne with hints of peach and is surrounded by two baguette cut sustainable lab-grown diamonds üßäüçëüßä
 #diamondring",https://www.instagram.com/p/Cf1y3KfqfhJ/?utm_source=ig_web_copy_link
5283_1,20-10-2021,1033094,4234,Vintage yellove. üíõ  @Latest VintageYelloveSaree,https://www.instagram.com/p/CVP-U58J_lo/
2005_27,26-07-2022,37342,1013,#necklace #accessory #jewellerypouch #pouches #organiser #organize ,https://www.instagram.com/reel/CfRPujPFpYh/?utm_source=ig_web_copy_link
2005_28,25-07-2022,1900,565,@mahimakhanchandaniofficial adorns our lavishly ornamented Mauve Lehenga Choli,https://www.instagram.com/p/CbhbUPIPPPz/?utm_source=ig_web_copy_link
2005_29,14-03-2022,1080,147,@mahimakhanchandaniofficial out shines in our Sunshine Lehenga Choli,https://www.instagram.com/p/CbFgNF-vqEI/?utm_source=ig_web_copy_link
2005_30,24-11-2021,14300,373,Designer lehenga in georgette beautified with fringes on bottom. Paired with a ravishing halter neck choli having intricate cut dana mirror alba stones and resham work. It is coordinated with a net dupatta includes beautiful border and multicolored tassels.,https://www.instagram.com/p/CWqMA3Ivr7_/?utm_source=ig_web_copy_link
2005_31,15-09-2021,5731,687,"The glamorous @thesassthing_ personifying flamboyance in Aliyana frilled lehenga choli.‚ú®

Mesmerised and inspired by the beauty of nature we bring to you an alluring glam through a palette",https://www.instagram.com/p/CT19OpAv2As/?utm_source=ig_web_copy_link
2005_32,08-04-2022,32581,1201,"@masoomminawala stuns like the queen she is in the Indo-western lehanga 

The lehnga flares with layers in georgette fabric. Adding to its vibrancy the choli is embellished with elegant multi-color thread and mirror work. The shrug fully embroidered with multicolored thread and sequins work will surely make you embrace the grace.
",https://www.instagram.com/p/CNZl8yejdW5/?utm_source=ig_web_copy_link
5283_2,23-11-2021,1189129,5624,#pachchaiNirame  #Elegant green saree,https://www.instagram.com/p/CWnsbJMPJwJ/
5283_3,27-01-2022,774695,3983,@plazzo  @LongKurta,https://www.instagram.com/p/CZO9gJiJR2O/
2005_33,02-11-2021,221160,1067,#jewellery #longearrings,https://www.instagram.com/p/CVwuGbhDnsC/?utm_source=ig_web_copy_link
2833_22,28-07-2022,217,0,#puma,https://www.instagram.com/p/Cgiyp7cI0pg/?utm_source=ig_web_copy_link
5283_4,30-01-2022,708425,2882,@Lehenga Choli With Dupatta  @Green Lehenga,https://www.instagram.com/p/CZWrnyRJrdg/
2005_35,09-05-2022,3700000,11300, #earrings #necklace #green stone crystals,https://www.instagram.com/p/CdV9nmrM4wu/?utm_source=ig_web_copy_link
2005_36,14-06-2022,1700000,4819,When the sun made me shy. #hat,https://www.instagram.com/p/CexijBep0rb/?utm_source=ig_web_copy_link
5283_5,03-03-2022,945795,4097,Vintage love üíö‚ù§Ô∏è  #josalukkas #jewellery #saree #ethinicfashion,https://www.instagram.com/p/CapEcpwJZlE/
5283_6,04-03-2022,1178043,4575,Being Kalaavathi ‚ù§Ô∏è  @printed frilled pre-stitched saree with mirror work embroidery sleeveless blouse ,https://www.instagram.com/p/CarzEFYJcqX/
2005_37,11-06-2022,528000,1367,#lavis handbag,https://www.instagram.com/p/Cep0BrApa0H/?utm_source=ig_web_copy_link
2005_38,23-07-2022,2642,13,#weddinghairjewelry #hairjewelry #bridaljewelry #bridalhairaccessories ,https://www.instagram.com/p/CgWO9VDNn2C/?utm_source=ig_web_copy_link
5283_7,14-03-2022,840196,3329,#Beautiful Pakistani dress  #Pakistani dress design,https://www.instagram.com/p/CbFnlmrpBcI/
2005_39,07-08-2021,34579,387,"#lehenga #lehengagoals
#lehengainspiration 
#indianethnicwear #ethnicwear ",https://www.instagram.com/p/CSRN8oqDLvn/?utm_source=ig_web_copy_link
2005_40,09-05-2022,4536,1059,ultra-chic saree in navy blue üíô,https://www.instagram.com/tv/CdVmEfBD_Bb/?utm_source=ig_web_copy_link
5283_8,24-05-2022,928284,3648,Shades of summer ü§çüíõüß°   @Mustard ruffle Saree   @YellowSaree,https://www.instagram.com/p/Cd8NVAIpw0N/
5283_9,29-05-2022,1031317,4151,Think Pink üíû  #FloralSaree  #Malavikas structured mini dress,https://www.instagram.com/p/CeJDHu7p2i2/
5283_10,16-06-2022,804052,3298,Feeling peachy #WeddingFeels #PeachSuit #Suit,https://www.instagram.com/p/Ce2-Ibcpe3c/
5283_11,18-06-2022,828443,2742,Getting lost in lavender üíú#whitedress  #VinatgeHandmadeCottagecore,https://www.instagram.com/p/Ce8AUv6JjE8/
2010_1,05-03-2020,121656,911,#PumaWomenTshirt  #WhiteTshirt,https://www.instagram.com/p/B9Wrk2UphAW/
2010_2,14-11-2020,157430,1083,#WomenKurta and Palazzo,https://www.instagram.com/p/CHlHieLJIme/
2831_1,14-06-2022,481878,2521,#Social Pigeon Self Design Single Breasted Casual,https://www.instagram.com/p/Cf_qXIgrJzJ/?hl=en
2831_2,09-07-2022,808479,3846,#skyblue men_outfit,https://www.instagram.com/p/CfxwP_drrit/?hl=en
5281_1,04-07-2022,168654,4180,#longwhitecoat ,https://www.instagram.com/p/CgZHcpRPtJT/
2831_3,08-07-2022,512310,4222,#Sandstone Maze Shirt,https://www.instagram.com/p/CfvKKDwrlqJ/?hl=en
2831_4,18-01-2021,769685,4050,#Formal Shirt,https://www.instagram.com/p/CKL6HTkL6QO/?hl=en
2831_5,16-01-2021,615540,2622,#Freehand Men Printed Straight Kurta,https://www.instagram.com/p/CKGun3preZQ/?hl=en
5281_2,21-10-2021,360005,6748,#WomenKurta,https://www.instagram.com/p/CVln40esGkM/
2831_6,13-01-2021,693203,3762,#Prima Czar Peak Lapel Suit And Pant Set,https://www.instagram.com/p/CJ_RxUeLoN_/?hl=en
5281_3,02-09-2021,217546,2782,@WomenFootWare #SkyblueShoe,https://www.instagram.com/p/CTUvle3h9Fd/
2831_7,11-01-2021,596010,2451,#Men Self Design Straight Kurta,https://www.instagram.com/p/CJ55uuPLNEq/?hl=en
5281_4,06-05-2021,382524,6077,#Floral Hand Painted & Hand Embroidered Straight Fit Kurta,https://www.instagram.com/p/COie8TIh8UU/
5281_5,05-05-2021,333557,4408,#Semi Stitched Lehenga Choli,https://www.instagram.com/p/COf4bqEhCOw/
2831_8,09-01-2021,627330,2961,#Shuri Men Printed Casual Shirt,https://www.instagram.com/p/CJ0vb_DrZmg/?hl=en
2831_9,04-01-2021,869715,7823,#Embroidery Work Tiger Design Men's Shirt,https://www.instagram.com/p/Cf_qXIgrJzJ/?utm_source=ig_web_copy_link
5281_6,30-04-2021,360247,4479,#Women Kurta and Skirt Set Viscose Rayon,https://www.instagram.com/p/COSggcFh_e6/
2831_10,19-11-2020,422543,1608,#Black Dark Grey Full Sleeve Hooded T-Shirt,https://www.instagram.com/p/CHxkDQTrB2W/?hl=en
2831_11,06-11-2020,425075,1550,#Jatin Malik Button Down Jacket And Pant Set,https://www.instagram.com/p/CHP9f72Lzhb/?hl=en
2831_12,01-11-2020,583409,2719,#Men's Printed Chinese Collar Full Sleeves Kurta,https://www.instagram.com/p/CHC7q4LrWoX/?hl=en
2831_13,02-02-2020,308267,782,#Lookslady Designer Men Kurta And Pyjama Set,https://www.instagram.com/p/B8DnWzwleu3/?hl=en
5282_1,02-20-2020,359,3,#Elegant bridal style sarees  #Rich mustard yellow colour saree with orange boarder worn along with beautiful designer blouse for a perfect bridal inspiration‚Å£‚Å£‚Å£,https://www.instagram.com/p/CF06VsbhZ2k/?utm_source=ig_web_copy_link
5282_2,01-10-2020,440,2,Simple pastel blue colour dress with black piping and design worn along with sutle grey net dupatta with black butte work for a simple and elegant ethic trend‚Å£,https://www.instagram.com/p/CFyvNX6Bk8h/?utm_source=ig_web_copy_link
5282_3,30-09-2020,2048,5,Simple pink saree with red boarder with zari work worn along with beautiful floral work designer blouse for a graceful ethnic look‚Å£,https://www.instagram.com/p/CFw2nZdhjxO/
5282_4,22-09-2020,1182,6,simple Onam style saree with a beautiful black floral blouse for a simple and elegant ethnic look‚Å£‚Å£,https://www.instagram.com/p/CFb_qoWBUAq/
5282_5,04-09-2020,2184,6,Elegant white saree with peacock feather design worn with a beautiful red colour blouse with patch work for a simple classic look‚Å£,https://www.instagram.com/p/CEtw7eGB5bT/?utm_source=ig_web_copy_link
5282_6,02-09-2020,2317,7,Beautiful Rani pink soft silk saree with copper zari boarder worn along with blue Banarasi blouse for a perfect bahubali recreation look‚Å£,https://www.instagram.com/p/CEorF9egYzN/
5282_7,29-08-2020,1798,14,Stunning looking pastel saree with a elbow length blouse for a classy Onam look‚Å£,https://www.instagram.com/p/CEepcYFB9Tn/?utm_source=ig_web_copy_link
5282_8,27-08-2020,1903,12,beautiful pink saree with purple boarder with zari work for a festive looking ethnic look‚Å£,https://www.instagram.com/p/CEZKBkdBYz8/?utm_source=ig_web_copy_link
5282_9,24-08-2020,4095,22,Women in black Saree,https://www.instagram.com/p/CERUIm0BVej/
5284_1,08-07-2022,7502,84,#topbottomsets #shrug #topplazzoshrug #trendyoutÔ¨Åts #fashioninspiration ,https://www.instagram.com/p/CfwRWGlD_jz/?utm_source=ig_web_copy_link
5284_2,25-06-2022,1479,46,#topbottomsets#shrug#topplazzoshrug,https://www.instagram.com/p/CfOmC1AjvoG/?utm_source=ig_web_copy_link
5284_3,23-06-2021,2315,36,girls_top_jeans_dress #girlsfashion ,https://www.instagram.com/p/CfJoCDWLGRm/?utm_source=ig_web_copy_link
5284_4,15-06-2022,4460,65, #jumpsuit #dresses #jumpsuitmurah ,https://www.instagram.com/p/Ce0_fHSlTYU/?utm_source=ig_web_copy_link
5284_5,18-04-2022,1248,54,Trendy BTS printed Tshirts #Fabric: Cotton Blend#Sleeve Length: Short Sleeves,https://www.instagram.com/p/Ccej1Nll-7y/
5284_6,28-03-2022,4354,37,girls_top_jeans_dress ,https://www.instagram.com/p/CbppGFxIab7/
5284_7,27-03-2022,5386,89,#girlsJeans #girlfashion,https://www.instagram.com/p/CbmGCP9DN5D/
909_01,07-07-22,4098,62,#casualoutfit #casualstyles #casualootd #basicfit #basicoutfit #basicstyle #outfitstyle #outfitfashion #dailyfashionideas #dailystylehunt #fashionguide #womenfashionstyle #fashioninfluencer #fashionstyleblogger,https://www.instagram.com/p/Cfs5-xrv2A9/?hl=en
909_02,06-07-22,5356,82,#ootdindia #y2koutfits #y2kstyle #y2kaesthetic #y2kfashion #outfitideas #outfitoftheday #ootdinspo #styleoutfit #womenfashionstyle #howtostyle #purpleaesthetic #fashionblogger #fashiontrends,https://www.instagram.com/p/CfqRO9DPD02/?hl=en
909_03,24-07-22,102778,431,#Summerwear #SumnerDress #Summer #Summershirt,https://www.instagram.com/p/CgXIXheqdeM/
909_04,21-07-22,90295,441,mietta's look #mietta's look #Greenshirt ,https://www.instagram.com/p/CgRprzIq8yp/
909_05,10-07-22,97081,292,#picoftheday #pictureoftheday #bestoftheday #sunday #fitness #love #perfect #sunday,https://www.instagram.com/p/Cf0e6tGjhyW/
909_06,20-06-22,128000,564,#Dennislingo #pinkshirt #blackshirt #navyblue,https://www.instagram.com/p/CfB1KrPDipK/
909_07,25-07-22,17200,169,@tshirts @polotshirts,https://www.instagram.com/p/CgZwLGGv7fB/
909_08,23-07-22,1690,39,@tshirts @polotshirts,https://www.instagram.com/p/CgO83WnvliL/
909_09,13-07-22,14908,245,@shirts @stripeshirts,https://www.instagram.com/p/Cf9UFLdj2uQ/?hl=en
909_10,22-07-22,21938,1203,@Whitetshirt @polo tshirt,https://www.instagram.com/p/CgRxL2sMeVF/?hl=en
5284_8,26-02-2022,6740,212,@GirlsJeans,https://www.instagram.com/p/CacDlS3lPrA/
5284_9,16-02-2022,2643,32,Fabric Rayon #WomenTops #Whitewear,https://www.instagram.com/p/CaCYpAnll1M/?utm_source=ig_web_copy_link
5285_1,25-07-2022,2498,14,#maroon kurtha ,https://www.instagram.com/p/CgbX8tMjOQl/?utm_source=ig_web_copy_link
5285_2,18-07-2022,2616,34,#white designer lehenga with maroon top,https://www.instagram.com/p/CgKAcWfDlMp/?utm_source=ig_web_copy_link
5285_3,18-07-2022,1895,24,#sleeveless maroon long kurtha with dupatta,https://www.instagram.com/p/CgJFzj7j8p5/?utm_source=ig_web_copy_link
5285_4,17-07-2022,3529,42,#blue crop top palazzo set with shrug,https://www.instagram.com/p/CgGn-B5jg2r/?utm_source=ig_web_copy_link
909_11,25-07-2022,2327,3,#onion_pink shirt #blackjean #whiteshirt with olive green pant #lightblue shirt with beige pant,https://www.instagram.com/p/Cga_vkQPFoq/
909_12,19-07-2022,10000,25,#blackshirt #blackjean #summer,https://www.instagram.com/p/CgLpNhYPW9s/
909_13,17-07-2022,11143,29,#printedshirt #bluejean #beachwear #Dottedshirt,https://www.instagram.com/p/CgHl-V8PF0t/
909_14,10-07-22,13981,32,#CutBanyan #Cuttshirt #beachwear,https://www.instagram.com/p/Cf0gJxZIxTL/
909_15,15-06-2022,16981,54,#greenshirt #Green #SolidShirt #Shirt,https://www.instagram.com/p/Ce0X8avPhGq/
909_16,02-07-22,7233,58,#black #blackshirt #blackpijama,https://www.instagram.com/p/CQ1V1v_rhtM/?hl=en
5285_5,15-07-2022,1188,12,#pink_gown for women,https://www.instagram.com/p/CgBhZyvDE8U/
5285_6,12-07-2022,4571,15,#navy_blue long kurthi with full hands,https://www.instagram.com/p/Cf5s-2Nj5RS/?utm_source=ig_web_copy_link
5285_7,10-07-2022,1408,14,#pink lehenga,https://www.instagram.com/p/Cf0xLF7Dqrf/?utm_source=ig_web_copy_link
5285_8,09-07-2022,1220,23,#maroon short gown for women,https://www.instagram.com/p/CfyuqAYDC_v/?utm_source=ig_web_copy_link
5285_9,06-07-2022,2515,70,#black_top #red_skirt,https://www.instagram.com/p/CfrGfJRDRgb/
2833_58,26-04-2022,1424,0,#Pu-apps Men Blue Sandals,https://www.instagram.com/p/Cc0nLq8o9wt/?utm_source=ig_web_copy_link
5285_10,02-07-2022,2044,16,#black lehenga with full hands,https://www.instagram.com/p/Cff5QRPDpXh/?utm_source=ig_web_copy_link
5285_11,30-06-2022,3996,75,#cyan long glitter kurthi,https://www.instagram.com/p/CfbKvBij0k9/
5285_12,23-06-2022,2709,58,#blue plain chudidar with dupatta,https://www.instagram.com/p/CfIzeIhDIBo/
5285_13,18-06-2022,3675,33,#long black and grey puffy gown,https://www.instagram.com/p/Ce8RuYiDHQT/
5285_14,16-06-2022,3388,47,#blue full hands long gown,https://www.instagram.com/p/Ce29UlLD4Cf/
5285_15,06-06-2022,8829,114,#blue color long chudidhar with dupatta,https://www.instagram.com/p/CedXbMzOT1_/
5285_16,30-05-2022,5248,94,#blue_color one side off_shoulder short gown for women ,https://www.instagram.com/p/CeL837UjSrX/?utm_source=ig_web_copy_link
5285_17,23-05-2022,11339,126,#white chudidhar with pink designer dupatta,https://www.instagram.com/p/Cd6EklVjDhW/
5285_18,05-03-2022,13616,223,#one_side_off_shoulder_top with skirt dress,https://www.instagram.com/p/CdLcs25oZTg/?utm_source=ig_web_copy_link
5285_19,28-04-2022,5359,136,#pink off shoulder princess dress,https://www.instagram.com/p/Cc5lIzXoksJ/?utm_source=ig_web_copy_link
5285_20,03-05-2022,23911,313,#pink chudidar with patiyala pant ,https://www.instagram.com/p/CdGK_g9Iyb7/?utm_source=ig_web_copy_link
2005_41,10--07-2022,10136,65,#brown_shirt #grey_pant #black_goggles #brown_belt_watch #white_shoes,https://www.instagram.com/p/Cfzy_bhMmcX/?utm_source=ig_web_copy_link
2005_42,18-07-2022,12754,86,#peach_Tshirt #blue_jean #white_shoes #analog_quartz_belt_watch,https://www.instagram.com/p/Ce8AekBvFsn/?utm_source=ig_web_copy_link
5285_21,02-05-2022,2362,77,#black_velvet_saree #velvet_blouse,https://www.instagram.com/p/CdDPTRlukIs/?utm_source=ig_web_copy_link
5285_22,30-04-2022,10019,241,#maroon sleeve_less step chudidar,https://www.instagram.com/p/Cc9n3PMIpya/?utm_source=ig_web_copy_link
2833_24,26-07-2022,680,0,#puma,https://www.instagram.com/p/CgdhXYCokQ1/
5285_24,24-04-2022,7069,176,#mustard_yellow puffy princess gown,https://www.instagram.com/p/Ccu4Pn0ItVs/?utm_source=ig_web_copy_link
5285_25,21-04-2022,7557,136,#yellow_Color_front_slit pattern kurthi,https://www.instagram.com/p/Ccm7izOOjr4/?utm_source=ig_web_copy_link
2005_43,02-06-2022,11640,90,#white_shirt #brown_pant #black_goggles #wrist_belt_watch #white_shoes,https://www.instagram.com/p/CeSTo4Xp53N/?utm_source=ig_web_copy_link
2005_44,02-07-2022,11264,40,#white_shirt #brown_pant #black_goggles #wrist_belt_watch #white_shoes,https://www.instagram.com/p/CeSTo4Xp53N/?utm_source=ig_web_copy_linkk
2005_45,23-05-2022,10008,50,#peacock_green_Tshirt with white_pant  #black_watch  #white_shoes,https://www.instagram.com/p/Cd51OSsJVn-/?utm_source=ig_web_copy_link
2005_46,19-05-2022,30742,90,#peacock_green_shirt with white_pant  #black_watch  #white_shoes,https://www.instagram.com/p/Cdk4Zp4MxFi/?utm_source=ig_web_copy_link
2005_47,14-05-2022,55123,50,#garmet_maroon_shirt with black_pant #black_wrist_watch #white_shoes,https://www.instagram.com/p/CdjF0aTsaEA/?utm_source=ig_web_copy_link
2833_25,10-7-2022,238,0,#gucci,https://www.instagram.com/p/Cf0z4RLII80/
2833_26,09-07-2022,1731,0,#Ignite 6,https://www.instagram.com/p/CfyxvpfIEhM/?utm_source=ig_web_copy_link
5285_27,20-02-2022,2489,90,#salwar_suit women anarkali kurta with plazzo and dupatta,https://www.instagram.com/p/CaM7vhlIjZG/
2005_49,14-05-2022,74765,810,#blue_jean_cloth_shirt with white_pant #blue_jean_cloth_shoes,https://www.instagram.com/p/CdUpSA6orHt/?utm_source=ig_web_copy_link
2005_50,02-11-2022,38690,40,#men_designer_kurtha_pajama with jacket,https://www.instagram.com/p/CVwrigjlgdE/?utm_source=ig_web_copy_link
5285_28,17-01-2022,23103,408,#salwar_suit women anarkali kurta with plazzo and dupatta,https://www.instagram.com/p/CY1cFGSosle/?utm_source=ig_web_copy_link
5285_29,09-01-2022,9553,141,#WomenKurta #WhiteFlowersTop,https://www.instagram.com/p/CYgySrOIoaJ/?utm_source=ig_web_copy_link
5286_1,26-07-2022,576,2,#black_jean with blazers,https://www.instagram.com/p/CgbzLUisB9R/
5286_2,24-07-2022,757,4,#grey_shirt with full hands,https://www.instagram.com/p/CgYIlXPoF7B/?utm_source=ig_web_copy_link
5286_3,24-07-2022,912,35,#black_shirt with full hands  grey_pant,https://www.instagram.com/p/CgWUKLIswJ7/?utm_source=ig_web_copy_link
2005_51,23-07-2022,2093,40,#mens_grey_stylish_blazer,https://www.instagram.com/p/CgWU4ACsvV8/?utm_source=ig_web_copy_link
2005_52,03-09-2021,1578,39,#punjabi jutti #women_shoes,https://www.instagram.com/p/B18zlkGBmHe/?utm_source=ig_web_copy_link
2005_53,16-07-2022,12368,68, Finish Revitalize 8-IN-1 Primer Essence is packed with Silkscreen Complex and my favourite - Black Rose and Peony! #skincare,https://www.instagram.com/reel/CgEOvSmqodD/?utm_source=ig_web_copy_link
2833_27,08-07-2022,358,0,#crocks,https://www.instagram.com/p/CfvsHg7h7M0/?utm_source=ig_web_copy_linkhttps://www.instagram.com/p/CfvsHg7h7M0/?utm_source=ig_web_copy_link
2005_54,26-07-2022,1086,19," #Mini Matte Duo Lip_stick kits 
  #MiniMatteDuo #smashboxindia",https://www.instagram.com/reel/CgboxsoKgpj/?utm_source=ig_web_copy_link
2005_55,02-07-2022,6397,37, #Finish Revitalize 8-IN-1 Primer Essence. #makeup #skincare ,https://www.instagram.com/reel/Cfgcdr8FTFn/?utm_source=ig_web_copy_link
2005_56,26-08-2021,1243,18,#men_black_blazer,https://www.instagram.com/p/CTBFYkJLCkP/?utm_source=ig_web_copy_link
2005_57,26-07-2022,1678,20, #mini Hydrating Face Cream #skincare,https://www.instagram.com/p/CDGvfoNpg_A/?utm_source=ig_web_copy_link
2005_58,24-07-2022,4447,32,#Luxe Lip Color Mini Duo #mini Hydrating Face Cream ,https://www.instagram.com/p/CDA8xJMJ8j8/?utm_source=ig_web_copy_link
2005_59,26-07-2022,1048,18,#strapless_sleeveless_frill_midi_bandage_dress,https://www.instagram.com/p/CgeK_-4vlU_/?utm_source=ig_web_copy_link
2005_60,26-07-2022,963,8,#wrist_Watches,https://www.instagram.com/p/Cgey80IPTOU/?utm_source=ig_web_copy_link
2005_61,09-07-2022,23657,12,#NykaaFashion #MenStyle #Fashion #brands #westernwear #men ,https://www.instagram.com/tv/Cfx-2ExoH6j/?utm_source=ig_web_copy_link
2832_2,02-06-2022,56636,317,#White Shirt Checks Pant #tbt #throwbackthursday #latergram,https://www.instagram.com/p/CeTa9AtJOgl/?hl=en
5286_4,20-07-2022,1199,3,#mens_grey_stylish_blazer #mens_black_stylish_blazer ,https://www.instagram.com/p/CgN0frUo3bA/?utm_source=ig_web_copy_link
5286_5,17-07-2022,1060,13,#mens_blue_stylish_blazer #mens_grey_stylish_blazer,https://www.instagram.com/p/CgG5brbMDj_/?utm_source=ig_web_copy_link
5286_6,17-07-2022,1507,7,#mensfashion #stylish_check_shirt with black pant,https://www.instagram.com/p/CgGHvTGIR8d/?utm_source=ig_web_copy_link
5286_7,15-07-2022,1072,11,#mens_jean_coat with black_pant white_shoes,https://www.instagram.com/p/CgCDEsuMadn/?utm_source=ig_web_copy_link
5286_8,15-07-2022,1606,3,#black_shirt with grey_check_pant,https://www.instagram.com/p/CgBtxuds9ch/?utm_source=ig_web_copy_link
2005_62,30-07-2022,38301,181,#short_printed_tops for women #western_wear,https://www.instagram.com/reel/Cfbh3S0pz3x/?utm_source=ig_web_copy_link
2005_63,02-07-2022,2921,14,"#London Rag Embellished Black Heels   #Crocs Classic Yellow Kids Clog
#Birkenstock Arizona Big Buckle White Narrow Width Women Two-strap Sandals
#Melissa Papete Essential Sand Salinas Ad Stripes Green Sandals
#Mochi Yellow Solid Sandals",https://www.instagram.com/p/CffxyH7rZ18/?utm_source=ig_web_copy_link
2832_3,19-03-2022,69350,110,#white_Tshirt #grey_pant,https://www.instagram.com/p/CbQ85pNJzIG/?hl=en
909_17,07-10-22,29560,179,#stripeshirts#blue_shirt with white_pant,https://www.instagram.com/p/Cf0szYgJ--5/
909_18,17-07-22,32404,316, #tshirts #Fullsleeve #olive_fullsleeve_tshirt with black_pant,https://www.instagram.com/p/CgHaobGJfyP/
909_19,26-07-22,4920,57,#navyblue #shirts #navyblueshirt #solidshirt,https://www.instagram.com/p/CgcFEoZjkhY/
909_20,25-07-22,3303,77, #blacktshirts,https://www.instagram.com/p/CgZXnPrDAkg/
909_21,08-07-22,2831,118, #greyshirts #greyhalfsleeves,https://www.instagram.com/p/CfwLT5BjzHx/
909_22,03-07-22,5631,172,#printedshirt #patternprinting #shirts #beach #summershirts,https://www.instagram.com/p/CfjS1zWDNdQ/
909_23,22-07-22,11612,146, #blacktshirts,https://www.instagram.com/p/CgUHdm7Mkud/
909_24,18-07-22,13377,118,#whiteshirt #formal #formalwear #solidshirt #white,https://www.instagram.com/p/CgJ0Fhys0lu/
2005_64,22-07-2022,3711,15, Royal Oak Perpetual Calendar in black ceramic.  #watches #luxurywatch #luxury,https://www.instagram.com/p/CgR7uWvL3QI/?utm_source=ig_web_copy_link
2832_4,18-03-2022,86010,88, #blue_ski_suit,https://www.instagram.com/p/CbOEjWUJm8_/?hl=en
2832_5,05-01-2021,174121,1509,#Sandstone Maze shirt Jacket,https://www.instagram.com/p/CJqWliLpnky/?hl=en
2005_65,26-07-2022,1637,50,#wrist_watch  #lange_sohne mens lange1,https://www.instagram.com/p/Cgbyxxur4YV/?utm_source=ig_web_copy_link
5286_9,13-07-2022,1948,4,#mens_grey_stylish_blazer #mens_black_stylish_blazer ,https://www.instagram.com/p/Cf70TY6o9nU/?utm_source=ig_web_copy_link
5286_10,11-07-2022,1066,3,#jean_coat with black_ton_jean,https://www.instagram.com/p/Cf3cRh5MWmk/?utm_source=ig_web_copy_link
5286_11,09-07-2022,2094,10,#men_black_Tshirt  #men_black_Tshirt with blue jean,https://www.instagram.com/p/CfyTJIfMqo7/?utm_source=ig_web_copy_link
5286_12,08-07-2022,2143,2,#men_black_Tshirt  #men_black_Tshirt with ton_jean,https://www.instagram.com/p/CfwBHkkMhQg/?utm_source=ig_web_copy_link
5286_13,06-07-2022,1998,5,#mens_grey_stylish_blazer with blue_jean ,https://www.instagram.com/p/Cfq5CWCM2NI/?utm_source=ig_web_copy_link
2005_66,25-07-2022,3426,61, #rolex #vintagerolex #rolex_watch #men_wrist_watches,https://www.instagram.com/p/CgZOGqHunEi/?utm_source=ig_web_copy_link'
2832_6,22-02-2022,103835,203,#tucks shirt,https://www.instagram.com/p/CaSijMdpPqI/?hl=en
5286_14,06-07-2022,976,5,#yellow_Tshirt with black_jean #white_shoes,https://www.instagram.com/p/CfpzKA6IhmB/?utm_source=ig_web_copy_link
5286_15,05-07-2022,1103,1,Full Sleeve Solid Men Quilted Jacket,https://www.instagram.com/p/CfoURERMj1N/?utm_source=ig_web_copy_link
2832_7,07-01-2022,201214,1415,#black dress with white tie,https://www.instagram.com/p/CJvtHD5JGLW/?hl=en
5286_16,05-07-2022,1815,10,#white_Tshirt #blue_short #casual_wear,https://www.instagram.com/p/CfnNwvaomVY/?utm_source=ig_web_copy_link
2832_8,01-01-2022,254528,2054,#black tshirt and black pant,https://www.instagram.com/p/CJgM_JJpeUr/?hl=en
5286_17,04-07-2022,1237,6,#black_shirt with grey_pant,https://www.instagram.com/p/CfksfCyo7k-/?utm_source=ig_web_copy_link
2832_9,13-12-2020,132891,322,#Full Sleeve White Slim Fit T-Shirt,https://www.instagram.com/p/CIuS5DAJOQa/?hl=en
2833_28,07-07-2022,2066,0,#puma,https://www.instagram.com/p/Cfsx3mjPxB0/?utm_source=ig_web_copy_link
5286_19,28-06-2022,1003,4,#men_White_shirt with jean,https://www.instagram.com/p/CfWRIsVsztg/?utm_source=ig_web_copy_link
2832_10,06-10-2020,50986,690,#White T-shirt Cotton Jean,https://www.instagram.com/p/CGAE4-IpkdZ/?hl=en
5286_20,28-06-2022,1887,7,#pink_shirt with black_pant #men_wear,https://www.instagram.com/p/CfWA7c6rsJV/?utm_source=ig_web_copy_link
2832_11,19-09-2020,29819,114,#Blue plain T-Shirt,https://www.instagram.com/p/CFTyigoJdeY/?hl=en
5286_21,27-06-2022,1280,8,#grey_blazer ,https://www.instagram.com/p/CfSm1hnI2Xz/?utm_source=ig_web_copy_link
5287_1,26-07-2022,1093,55,#white_anarkali_kurthi with dupatta,https://www.instagram.com/p/CgdhrtMB7Ew/
5287_2,25-07-2022,958,95,#red_kurthi,https://www.instagram.com/p/Cga9QGqhSho/?utm_source=ig_web_copy_link
5287_3,13-07-2022,1792,74,Women Printed Cotton Blend Anarkali Kurtha(black)  #ethnic_wear,https://www.instagram.com/p/CgV0XE0qb5N/?utm_source=ig_web_copy_link
5287_4,21-07-2022,948,25,Women Printed Cotton Blend Anarkali Kurta With Attached Dupatta  (white) #ethnic_wear,https://www.instagram.com/p/CgQ8rEDB0jR/
5287_5,20-07-2022,1277,33,#pink_lehenga #traditional_wear,https://www.instagram.com/p/CgODssaBxND/?utm_source=ig_web_copy_link
5287_6,18-07-2022,1665,58,Embroidered Semi Stitched Lehenga Choli  (SkyBlue) #traditional_wear,https://www.instagram.com/p/CgJUeJZBgFf/
5287_7,17-07-2022,1967,128,Women Printed Cotton Blend Anarkali Kurtha(black)  #ethnic_wear #ethnic_wear,https://www.instagram.com/p/CgGfbSNqOvE/?utm_source=ig_web_copy_link
5287_8,15-07-2022,1054,24,#white_lehenga with golden_boarder design along with white_dupatta,https://www.instagram.com/p/CgCK2GJhhoO/?utm_source=ig_web_copy_link
5287_9,13-07-2022,1072,15,#enmbroidered_pink_lehenga with dupatta,https://www.instagram.com/p/Cf8T6fsBN-m/?utm_source=ig_web_copy_link
5287_10,10-07-2022,899,24,#embroidered_semni_stitched_red_lehenga with dupatta,https://www.instagram.com/p/Cf0mhTIh19d/?utm_source=ig_web_copy_link
5287_11,11-07-2022,1031,32,#peacockGreen_frontSplit_pattern_kurthi,https://www.instagram.com/p/Cf221m2qdBj/?utm_source=ig_web_copy_link
5287_12,09-07-2022,1390,54,#maroon_sleeveless_lehenga,https://www.instagram.com/p/Cfxv5yBquhZ/?utm_source=ig_web_copy_link
5287_13,08-07-2022,1354,46,#maroon sleeveless anarkali_kurtha,https://www.instagram.com/p/CfvMCo3KloL/?utm_source=ig_web_copy_link
5287_14,06-07-2022,1196,47,#half_sleeve green chudidar with white_pant,https://www.instagram.com/p/CfqRpuQBgsF/?utm_source=ig_web_copy_link
5287_15,04-07-2022,1500,97,white anarkali kurta with floral print,https://www.instagram.com/p/Cfkte4tBcTn/?utm_source=ig_web_copy_link
5287_16,03-07-2022,1355,60,"#lenghasmumbai #indianwear #sareesnewyork #bridallenghasindia
#sumangali #lengha #bridal #suit #lehenga #bridalenghas #bridalmakeup #bridaware #mendhi #designersarees #desingersareeshyderabad #desingersareemumbai #designersareeskolkata #kurti #saree",https://www.instagram.com/p/Cfiin8YBJiz/?utm_source=ig_web_copy_link
5287_17,30-06-2022,1617,38,"#lenghasmumbai #indianwear #sareesnewyork #bridallenghasindia
#sumangali #lengha #bridal #suit #lehenga #bridalenghas #bridalmakeup #bridaware #mendhi #designersarees #desingersareeshyderabad #desingersareemumbai #designersareeskolkata #kurti #saree",https://www.instagram.com/p/Cfa9HthB3kE/?utm_source=ig_web_copy_link
5287_18,29-06-2022,1787,270,"#lenghasmumbai #indianwear #sareesnewyork #bridallenghasindia
#sumangali #lengha #bridal #suit #lehenga #bridalenghas #bridalmakeup #bridaware #mendhi #designersarees #desingersareeshyderabad #desingersareemumbai #designersareeskolkata #kurti ",https://www.instagram.com/p/CfX-a68BwST/?utm_source=ig_web_copy_link
5287_19,27-06-2022,2731,38,"#lenghasmumbai #indianwear #sareesnewyork #bridallenghasindia
#sumangali #lengha #bridal #suit #lehenga #bridalenghas #bridalmakeup #bridaware #mendhi #designersarees #desingersareeshyderabad #desingersareemumbai #designersareeskolkata #kurti ",https://www.instagram.com/p/CfS18T6Kq4x/?utm_source=ig_web_copy_link
5287_20,26-07-2022,1720,91,"#lenghasmumbai #indianwear #sareesnewyork #bridallenghasindia
#sumangali #lengha #bridal #suit #lehenga #bridalenghas #bridalmakeup #bridaware #mendhi #designersarees #desingersareeshyderabad #desingersareemumbai #designersareeskolkata #kurti",https://www.instagram.com/p/CfQd8CLsjmk/?utm_source=ig_web_copy_link
5287_21,23-06-2022,1771,85," @sharara_ethnic  #lenghasmumbai #indianwear #sareesnewyork #bridallenghasindia
#sumangali #lengha #bridal #suit #lehenga #bridalenghas #bridalmakeup #bridaware #mendhi #designersarees #desingersareeshyderabad #desingersareemumbai #designersareeskolkata #kurti ",https://www.instagram.com/p/CfIj2R1KcRq/?utm_source=ig_web_copy_link
5287_22,19-06-2022,1002,10,"#lenghasmumbai #indianwear #sareesnewyork #bridallenghasindia
#sumangali #lengha #bridal #suit #lehenga #bridalenghas #bridalmakeup #bridaware #mendhi #designersarees #desingersareeshyderabad #desingersareemumbai #designersareeskolkata #kurti #saree #sareesusa #sareesoverseas #sareescanada #sareeschenni #sareeshyderaba #sareesbanglore #sareespanjab #sareesmaharashtra #sareelove #traditionalwear",https://www.instagram.com/p/Ce-SfHlKkTg/?utm_source=ig_web_copy_link
5287_23,17-06-2022,1220,18,"#lenghasmumbai #indianwear #sareesnewyork #bridallenghasindia
#sumangali #lengha #bridal #suit #lehenga #bridalenghas #bridalmakeup #bridaware #mendhi #designersarees #desingersareeshyderabad #desingersareemumbai #designersareeskolkata #kurti #saree #sareesusa #sareesoverseas #sareescanada #sareeschenni #sareeshyderaba #sareesbanglore #sareespanjab #sareesmaharashtra #sareelove #traditionalwear",https://www.instagram.com/p/Ce6D5zPMS50/?utm_source=ig_web_copy_link
5287_24,15-06-2022,1088,24,"#lenghasmumbai #indianwear #sareesnewyork #bridallenghasindia
#sumangali #lengha #bridal #suit #lehenga #bridalenghas #bridalmakeup #bridaware #mendhi #designersarees #desingersareeshyderabad #desingersareemumbai #designersareeskolkata #kurti #saree #sareesusa #sareesoverseas #sareescanada #sareeschenni #sareeshyderaba #sareesbanglore #sareespanjab #sareesmaharashtra #sareelove #traditionalwear",https://www.instagram.com/p/Cez-vvyKrZA/
5288_1,03-07-2022,1432,12,#streetbeast #whiteblazer #mensfashionbloggers #streetwear #vintagelook #casualshirt #smile #streetstylegents #modacasual#blacktshirt,https://www.instagram.com/p/CfibIvfIjFn/?utm_source=ig_web_copy_link
2833_1,27-07-2022,402,0,#Versace,https://www.instagram.com/p/CggKUuRoFNv/?hl=en
5288_2,28-06-2022,1140,9,#dapperscene #mensuits #fashionmen #bestofstreetwear #beststyle #outfitfromabove #mensfashionweek #mensoutfit #menswear #threestripes #mensfashionreport #ootdmens #bloggerstyle #mensfashionposting #menwithstreetwear #styleforguys #simplefits #menwithstyle #higheststreetfashion #mensfashionwear#blackshirt,https://www.instagram.com/p/CfVhsXTjgjI/?utm_source=ig_web_copy_link
2833_2,25-07-2022,255,0,#adidas,https://www.instagram.com/p/Cga2xIboe8b/?hl=en
5288_3,27-06-2022,2149,29,#shirtwithcoat#casualmen #footballcasual #fashionphotoshoot #fashionbloggers,https://www.instagram.com/p/CfUULqLLqSe/?utm_source=ig_web_copy_link
2833_3,24-07-2022,195,0,#Baby No Bdrao,https://www.instagram.com/p/CgYjopttg9u/?hl=en
5288_4,22-06-2022,1955,21,#footwear#blackwhiteshoe#mensfashion  #fashionista #fashionblogger #men#casuallook#urban #wear ,https://www.instagram.com/p/CfFaMDXsE74/?utm_source=ig_web_copy_link
2833_4,24-07-2022,256,0,#Nike,https://www.instagram.com/p/CgYgao0oWt2/?hl=en
5288_5,14-06-2022,3699,30, #WhiteShoe#BlackHat#styleGlasses#Shirt#CasualShirt,https://www.instagram.com/p/CexeiEDDPbu/?utm_source=ig_web_copy_link
2833_5,23-07-2022,353,0,#Yeezy,https://www.instagram.com/p/CgW0x-noqXu/?hl=en
5288_6,13-06-2022,1337,5,#whiteshoe#menfootware#blacktshirt#menwatch#menjeans,https://www.instagram.com/p/Ceu27PzjUL5/?utm_source=ig_web_copy_link
5288_7,02-06-2022,5715,29,#dapperscene #mensuits #fashionmen #mensfashionweek #mensoutfit #menswear #threestripes #mensfashionreport #menwithstreetwear #styleforguys #simplefits  #mensfashionwear#blackTshirt#whiteshoe#menfootwear#blackbeltwatch,https://www.instagram.com/p/CeSEopjq6wP/?utm_source=ig_web_copy_link
2833_6,22-07-2022,931,0,#One8,https://www.instagram.com/p/CgUaF2RoEu0/?hl=en
2833_7,22-07-2022,3018,0,#Nike,https://www.instagram.com/p/CgTYPf7oR75/?hl=en
5288_8,01-06-2022,5407,26,#shirt #menstylegoals #fashionblogger #stretfashion #styleguide #70sfashion #marcelosandryni #fashioninsporation #crewneck #stylefashion #mensfashionreview#blackshoe#menfootware#blackbeltwatch ,https://www.instagram.com/p/CeP9sEij2iv/?utm_source=ig_web_copy_link
2833_8,22-07-2022,195,0,#Balmain,https://www.instagram.com/p/CgTXMIqBSO2/?hl=en
2833_9,20-07-2022,827,0,#Gucci,https://www.instagram.com/p/CgPVUKeh4x5/?utm_source=ig_web_copy_link
2833_10,20-07-2022,387,0,#adidas,https://www.instagram.com/p/CgOL4iqhShz/?utm_source=ig_web_copy_link
5288_9,22-05-2022,2279,22, #menslookbook #fashiongrid #sharpgrids #dailydapper #dapperoutfits #dappertime #guysfashion #bespokesuit #inspirations_style #stylesvoguefashio #ootdmenstyle #mensfashionfix #getdapper #gentwith #dandystyle #whiteshirt#whiteshoe#styleglasses,https://www.instagram.com/p/Cd2diejMPCc/?utm_source=ig_web_copy_link
2833_11,20-07-2022,290,0,#Boost,https://www.instagram.com/p/CgNBYgHNYfM/?utm_source=ig_web_copy_link
2833_12,19-07-2022,277,0,"#Nike
AIR",https://www.instagram.com/p/CgMk41KhgRK/?utm_source=ig_web_copy_link
2833_13,18-07-2022,373,0,#crocs,https://www.instagram.com/p/CgJcy5HBqwT/?utm_source=ig_web_copy_link
2833_14,16-06-2022,200,0,#crocs,https://www.instagram.com/p/CgEZ9yTomMT/?utm_source=ig_web_copy_link
2833_15,15-06-2022,357,0,#Nike,https://www.instagram.com/p/CgCrzQ4ID2i/?utm_source=ig_web_copy_link
5288_10,28-04-2022,174,3,#blackwhiteshirt#blackshoe#styleglasses#Styleguy #modaparahombre #menswearstreet #dapperoutfits #absolutebespoke #menfashionpost #dapperlife #modernmen #menfromfashion #menfashionblogger #pfsfashion #sprezza #suituptime #tailoredsuit #thedapperhaus ,https://www.instagram.com/p/Cc357PYNaFC/
2833_16,15-07-2022,222,0,#Tommy Hilfiger,https://www.instagram.com/p/CgBN77nBCls/?utm_source=ig_web_copy_link
5289_1,04-03-2022,1237,0,#WeddingWomenWear #WeddingJewellery #telugubride #telugubrides #teluguwedding #teluguweddings,https://www.instagram.com/p/CasM8IIv_AF/?utm_source=ig_web_copy_link
2833_17,14-07-2022,565,0,#Nike,https://www.instagram.com/p/Cf-3rbioyHO/?utm_source=ig_web_copy_link
2833_18,13-07-2022,883,0,#crocs,https://www.instagram.com/p/Cf8JMgvoKfE/?utm_source=ig_web_copy_link
2833_19,11-07-2022,203,0,#Tersace,https://www.instagram.com/p/Cf3-VIwPfEc/?utm_source=ig_web_copy_link
2833_20,10-07-2022,236,0,#Gucci,https://www.instagram.com/p/Cf0z4RLII80/?utm_source=ig_web_copy_link
5289_2,14-02-2022,2269,0, #indiangroomwear#teluguweddingwear #southindianbride #southindianweddingwear #pellikodukuwear#jewellery,https://www.instagram.com/p/CZ9y9j9P0BZ/?utm_source=ig_web_copy_link
5289_3,14-02-2022,2883,1,#indianbridewear #telugubrides#teluguweddingwear #southindianbride #southindianweddingwear #pellikuthurukuwear#jewellery,https://www.instagram.com/p/CZ9yziSvY73/?utm_source=ig_web_copy_link
5289_4,14-02-2022,2665,1,#indianbridewear# #telugubrides#teluguweddingwear #southindianbride #southindianweddingwear #pellikuthurukuwear#indianbridegroomwear#pellikodukuwear#weddingjewellery#jewellery,https://www.instagram.com/p/CZ9ytmGPsE9/?utm_source=ig_web_copy_link
5289_5,02-02-2022,2941,1,#bridewear#indianweddingwear#weddingjewellery#pellikuthruwear#jewellery,https://www.instagram.com/p/CZeZehjP5uV/?utm_source=ig_web_copy_link
5289_6,02-02-2022,3324,1,#indianbridewear# #telugubrides#teluguweddingwear #southindianbride #southindianweddingwear #pellikuthurukuwear#indianbridegroomwear#pellikodukuwear#weddingjewellery#jewellery,https://www.instagram.com/p/CZeZZ2sPtow/?utm_source=ig_web_copy_link
5289_7,02-02-2022,2330,1,#bridewear#indianweddingwear#weddingjewellery#pellikuthruwear#jewellery,https://www.instagram.com/p/CZeZO2svTNG/?utm_source=ig_web_copy_link
5289_8,20-01-2022,3589,1,#bridewear#weddingjewelleryset#weddingjewellery#pellikuthruwear#jewellery,https://www.instagram.com/p/CY9ebKOvyeh/?utm_source=ig_web_copy_link
5289_9,19-01-2022,1117,1,#BrideGroomWear#Pellikodukuwear,https://www.instagram.com/p/CY6u2QqtvQa/?utm_source=ig_web_copy_link
5289_10,18-01-2022,2541,0,#Bridejewellery#pellikuturujewellery#weddingjewellery#jewellery,https://www.instagram.com/p/CY4Q1ICt85T/?utm_source=ig_web_copy_link
5289_11,18-01-2022,8161,43,#Bridejewellery#pellikuturujewellery#weddingjewellery#jewellery,https://www.instagram.com/p/CYyit05Pxeg/?utm_source=ig_web_copy_link
5280_1,27-07-2022,1147,3, ShortNecklace,https://www.instagram.com/p/CggbPwJFWYy/?utm_source=ig_web_copy_link
5280_2,27-07-2022,1851,7,#stonebangles#Gold Polished Bangles!!!,https://www.instagram.com/p/CggPWGlFRPo/?utm_source=ig_web_copy_link
5280_3,27-07-2022,1478,6, #Short Necklace!!#necklase#weddingjewellery,https://www.instagram.com/p/CgeYeYIF_5-/
5280_4,27-07-2022,2045,6,#jewelleryset#Gold Polish Short Necklace!!,https://www.instagram.com/p/CgeBWQLFrjL/?utm_source=ig_web_copy_link
5280_5,27-07-2022,2337,3,#Short Necklace - Ruby!!#jewelleyset,https://www.instagram.com/p/CgZdAkhlhUb/?utm_source=ig_web_copy_link
5280_6,25-07-2022,2183,9,#Long Haram - Green,https://www.instagram.com/p/CgZD5G1lT6f/?utm_source=ig_web_copy_link
5280_7,24-07-2022,1175,2,"#stonebangles #Antique_Polished Bangles
",https://www.instagram.com/p/CgYxikuFb0u/?utm_source=ig_web_copy_link
5280_8,24-07-2022,2663,8, Beaded Long Haram - Maroon Beded!!!,https://www.instagram.com/p/CgW43imFKA-/?utm_source=ig_web_copy_link
5280_9,24-07-2022,2006,8,#Polished Pendant!!!,https://www.instagram.com/p/CgWgtgoFR2d/?utm_source=ig_web_copy_link
5280_10,23-07-2022,2520,3,#Rose Gold Short Necklace!!!#necklase#weddingjewellery#stonenecklace,https://www.instagram.com/p/CgWCwYcF98Y/?utm_source=ig_web_copy_link
5280_11,23-07-2022,1811,9,#earrings#Enticing AD Jhumka!!!,https://www.instagram.com/p/CgV2KuOlPUD/?utm_source=ig_web_copy_link
5280_12,23-07-2022,2591,8,#Long Haram - Idol,https://www.instagram.com/p/CgUC9HGlvlA/?utm_source=ig_web_copy_link
5280_13,22-07-2022,2010,0,#EnticingChandbali - Multi Colour!!!#earrings#stonesearrings,https://www.instagram.com/p/CgTtSuXlwYZ/
5280_14,22-07-2022,1559,5,Short Necklace - Ruby!!#jewelleryset#earrings#necklase#stonenecklace,https://www.instagram.com/p/CgTgd8Ylagq/?utm_source=ig_web_copy_link
5280_15,21-07-2022,1715,4,#Long Haram#jewelleryset,https://www.instagram.com/p/CgRIdiTlam9/?utm_source=ig_web_copy_link
5280_16,21-07-2022,3503,6,#High Neck Chocker - Suitable for Small Neck - Ruby#jewelleryset,https://www.instagram.com/p/CgQzX58le79/?utm_source=ig_web_copy_link
5280_17,21-07-2022,2226,5,#ShortNecklace!!!#jewelleryset,https://www.instagram.com/p/CgPPT2IF0yI/?utm_source=ig_web_copy_link
5280_18,21-07-2022,3111,9,#jewelleryset#Gold Polish AD Short and Long Haram Combo - Green,https://www.instagram.com/p/CgOr7afF_7T/?utm_source=ig_web_copy_link
5280_19,20-07-2022,1077,5,High-neck Chocker!!#jewelleryset,https://www.instagram.com/p/CgOf5BIF2KX/?utm_source=ig_web_copy_link
5280_20,20-07-2022,2178,2,#Long Haram - Ruby#jewelleryset#earrings,https://www.instagram.com/p/CgOQ2SAFGev/?utm_source=ig_web_copy_link
5280_21,19-07-2022,2337,10,#Polished Bangles - Rubys#stonebangles,https://www.instagram.com/p/CgMqAiblsZn/?utm_source=ig_web_copy_link
5280_22,19-07-2022,1420,4,#Long Haram Pendant - Black beads#blackbeadschain#jellewryset#earrings,https://www.instagram.com/p/CgMUGuyl054/?utm_source=ig_web_copy_link
5280_23,19-07-2022,3737,11,#Beaded Long Haram!!!,https://www.instagram.com/p/CgL6uoSFci1/?utm_source=ig_web_copy_link
5280_24,18-07-2022,1056,2,#Three Layered Mangtikka,https://www.instagram.com/p/CgKNW_LFSUV/?utm_source=ig_web_copy_link
5280_25,18-07-2022,1435,4,#Earchain (Matiles),https://www.instagram.com/p/CgJ0roGl68A/?utm_source=ig_web_copy_link
5280_26,18-07-2022,3105,15,"Gold Polish AD Short Necklace - Blue",https://www.instagram.com/p/CgJel6JFzLc/?utm_source=ig_web_copy_link
5280_27,18-07-2022,2910,11,Simple Antique Chandbali!!!,https://www.instagram.com/p/CgJEGStl74q/?utm_source=ig_web_copy_link
5280_28,17-07-2022,1487,3,Three Layered Mangtikka!!!,https://www.instagram.com/p/CgHYZ2ploL-/?utm_source=ig_web_copy_link
5280_29,17-07-2022,2138,5," Beaded Long Haram!!!
",https://www.instagram.com/p/CgGgk7XFuch/?utm_source=ig_web_copy_link
5280_30,16-07-2022,3706,25, High-neck Chocker!!,https://www.instagram.com/p/CgE6BFglJCi/?utm_source=ig_web_copy_link
5280_31,16-07-2022,3123,3, ShortNecklace!!!,https://www.instagram.com/p/CgEJmtzF1Pc/?utm_source=ig_web_copy_link
5280_32,16-07-2022,3706,25,High-neck Chocker!!,https://www.instagram.com/p/CgE6BFglJCi/?utm_source=ig_web_copy_linkk
5280_33,16-07-2022,3123,13,ShortNecklace,https://www.instagram.com/p/CgEJmtzF1Pc/?utm_source=ig_web_copy_linkk
5280_34,15-07-2022,2150,13, Polished Big Size Jhumka,https://www.instagram.com/p/CgB3W8HlDRJ/?utm_source=ig_web_copy_link
5280_35,15-07-2022,2080,5,ShortNecklace,https://www.instagram.com/p/CgBTiuIlSvZ/?utm_source=ig_web_copy_link
5280_36,15-07-2022,5712,19, Long Haram Pendant - Maroon,https://www.instagram.com/p/Cf_ccDUlL6M/?utm_source=ig_web_copy_link
5280_37,14-07-2022,2900,5,Short Necklace!,https://www.instagram.com/p/Cf-3M0ullPQ/?utm_source=ig_web_copy_link
5280_38,13-07-2022,3682,3,Peacock Short Necklace!!,https://www.instagram.com/p/Cf9GAvbl_-B/?utm_source=ig_web_copy_link
5280_39,13-07-2022,2835,11,Polished Pendant!!!,https://www.instagram.com/p/Cf8l_stF9jh/?utm_source=ig_web_copy_link
5280_40,13-07-2022,1401,2,ShortNecklace,https://www.instagram.com/p/Cf8Sq4-l06g/?utm_source=ig_web_copy_link
5280_41,12-07-2022,1808,5, Polished Bangles,https://www.instagram.com/p/Cf6ZyYklXVj/?utm_source=ig_web_copy_link
5280_42,12-07-2022,3497,16, Short Necklace!,https://www.instagram.com/p/Cf6F1phFppq/?utm_source=ig_web_copy_link
5280_43,12-07-2022,1931,5,Non Idol Hip-chain,https://www.instagram.com/p/Cf5pwu7FC0p/?utm_source=ig_web_copy_link
5280_44,11-07-2022,3093,18,"White Stone Short Necklace - Blue!!
",https://www.instagram.com/p/Cf32-k8le-8/?utm_source=ig_web_copy_link
5280_45,11-07-2022,4023,20,Long Haram!!!,https://www.instagram.com/p/Cf3G_CPF274/?utm_source=ig_web_copy_link
5280_46,10-07-2022,2876,9,"Gold Polish AD Short Necklace ",https://www.instagram.com/p/Cf1Bl17FCkr/?utm_source=ig_web_copy_link
5280_47,09-07-2022,3723,12, Polished Bangles!,https://www.instagram.com/p/CfytIj8li0y/?utm_source=ig_web_copy_link
5280_48,09-07-2022,2454,13,Short Necklace,https://www.instagram.com/p/Cfx5uJDFHbJ/
5280_49,09-08-2022,3335,5,Long Haram!,https://www.instagram.com/p/CfwABbCFBLy/?utm_source=ig_web_copy_link
5280_50,08-09-2022,2231,6, ShortNecklace,https://www.instagram.com/p/CfvcokHlz3O/?utm_source=ig_web_copy_link
5280_51,07-10-2022,3114,6, ShortNecklace,https://www.instagram.com/p/CftpEPolEMp/?utm_source=ig_web_copy_link
5280_52,07-11-2022,1523,3,Black Antique High-neck Chocker,https://www.instagram.com/p/CftYM5OljJ6/?utm_source=ig_web_copy_link
5280_53,06-12-2022,29937,7," High-neck Chocker!!
",https://www.instagram.com/p/Cfq2dPVlJax/?utm_source=ig_web_copy_link
5280_54,04-07-2022,7426,10,AD Stone Hip-chain,https://www.instagram.com/p/CflupvIFWmb/?utm_source=ig_web_copy_link
5280_55,02-07-2022,6546,17, Beaded Long Haram,https://www.instagram.com/p/Cfg0g_pFvbM/?utm_source=ig_web_copy_link
5280_56,23-06-2022,9991,17, Guttapusalu Long Haram,https://www.instagram.com/p/CfJizVeFMEp/?utm_source=ig_web_copy_link
5280_57,22-06-2022,30557,25, Long Haram,https://www.instagram.com/p/CfG9kn3j5fR/?utm_source=ig_web_copy_link
5280_58,21-06-2022,12896,9,Enticing ShortNecklace - White,https://www.instagram.com/p/CfDnKQDD0P_/?utm_source=ig_web_copy_link
2833_29,06-07-2022,1879,0,#Nike,https://www.instagram.com/p/CfrAwuhK-Se/?utm_source=ig_web_copy_link
2833_30,06-07-2022,437,0,#crocks,https://www.instagram.com/p/Cfq0vkHKZI9/?utm_source=ig_web_copy_link
2833_31,05-07-2022,267,0,#Gucci,https://www.instagram.com/p/CfoV_QGIevB/?utm_source=ig_web_copy_link
2833_32,05-07-2022,187,0,#salvatore ferragamo,https://www.instagram.com/p/CfoAcpVNyyC/?utm_source=ig_web_copy_link
5280_59,18-06-2022,8026,15,Gold Polish AD Short Necklace - Green!,https://www.instagram.com/p/Ce8jFLUFwmP/?utm_source=ig_web_copy_link
5280_60,17-06-2022,8577,60, Beaded Long Haram,https://www.instagram.com/p/Ce6Rt2fPkcq/?utm_source=ig_web_copy_link
2833_33,04-07-2022,297,0,#Gucci Off,https://www.instagram.com/p/Cfl-goeogcP/?utm_source=ig_web_copy_link
5280_61,17-06-2022,5933,17,White Stone ShortNecklace,https://www.instagram.com/p/Ce5pWfrlFVT/?utm_source=ig_web_copy_link
5280_62,16-06-2022,7452,28, Polished Bangles!,https://www.instagram.com/p/Ce3A9Y2FMPV/?utm_source=ig_web_copy_link
2833_34,04-07-2022,1434,0,#puma,https://www.instagram.com/p/Cfl1QRboSDQ/?utm_source=ig_web_copy_link
5280_63,13-07-2022,27344,32, High Neck Chocker,https://www.instagram.com/p/CevvHAflh0D/?utm_source=ig_web_copy_link
2833_35,30-06-2022,6191,0,#Nike,https://www.instagram.com/p/Cfaxwk_hh9K/?utm_source=ig_web_copy_link
2833_36,29-06-2022,679,0,#BMW Motors,https://www.instagram.com/p/CfY-zZioaF6/?utm_source=ig_web_copy_link
5280_64,11-06-2022,5710,14,Gold Polish AD ShortNecklace!,https://www.instagram.com/p/CeqXqqrlWqU/?utm_source=ig_web_copy_link
2833_37,28-06-2022,462,0,#louis vuitton paris london,https://www.instagram.com/p/CfV7T7BIHV0/?utm_source=ig_web_copy_link
5280_65,09-06-2022,15593,25, ShortNecklace!,https://www.instagram.com/p/CeldMYAlzPl/?utm_source=ig_web_copy_link
5280_66,08-06-2022,10922,43, Beaded Mid Length Haram!,https://www.instagram.com/p/CeicXaKFDdA/?utm_source=ig_web_copy_link
2833_38,27-06-2022,1281,0,#Versace,https://www.instagram.com/p/CfS8y1voObw/?utm_source=ig_web_copy_link
2833_39,24-06-2022,685,0,#Asics,https://www.instagram.com/p/CfMFeIzhTru/
5280_67,07-06-2022,11263,25, AD ShortNecklace,https://www.instagram.com/p/CegbGuOPo7x/?utm_source=ig_web_copy_link
5280_68,01-06-2022,14516,27, Non Idol High Neck Chocker,https://www.instagram.com/p/CeQV9ScFKeB/?utm_source=ig_web_copy_link
2833_40,20-06-2022,3712,0,#Versace,https://www.instagram.com/p/CfCJiFwIlLx/?utm_source=ig_web_copy_link
5280_69,27-05-2022,7317,26, High-neck Chocker!!,https://www.instagram.com/p/CeJGzqHl5rF/?utm_source=ig_web_copy_link
5280_70,29-05-2022,6530,22,Enticing AD Jhumka - Small Size,https://www.instagram.com/p/CeItPC_lyBC/?utm_source=ig_web_copy_link
2833_41,18-06-2022,2323,0,#crocs,https://www.instagram.com/p/Ce73lNvhXs5/?utm_source=ig_web_copy_link
5280_71,26-05-2022,6336,18,Rose Gold ShortNecklace,https://www.instagram.com/p/CeBbyiPlAKr/
2833_42,18-06-2022,3747,0,#Love Moschino Sandals,https://www.instagram.com/p/Ce6w3ZTBzd3/?utm_source=ig_web_copy_link
2833_43,17-06-2022,7655,0,#Gucci,https://www.instagram.com/p/Ce6hm4GB7YL/?utm_source=ig_web_copy_link
5280_72,25-05-2022,7375,18,ShortNecklace,https://www.instagram.com/p/Cd-AogUFarj/?utm_source=ig_web_copy_link
5280_73,24-05-2022,5107,17,Enticing Chandbali - Green,https://www.instagram.com/p/Cd7g7Btl9Yc/?utm_source=ig_web_copy_link
2833_44,14-06-2022,261,0,#crocs,https://www.instagram.com/p/CeyiczkoMBo/?utm_source=ig_web_copy_link
2833_45,12-06-2022,891,0,#amg petronas motorsport,https://www.instagram.com/p/CetsMrFoM80/?utm_source=ig_web_copy_link
5280_74,26-05-2022,8746,33,Gold Polish AD Short Necklace!,https://www.instagram.com/p/CdznzFSFE-d/?utm_source=ig_web_copy_link
5280_75,13-05-2022,8284,19,ShortNecklace,https://www.instagram.com/p/CdfXdHHFaS_/?utm_source=ig_web_copy_link
2833_46,11-06-2022,705,0,#Adidas Neo Crew,https://www.instagram.com/p/CeqqwPkhSkg/
2833_47,07-06-2022,2955,0,#Quick Ni,https://www.instagram.com/p/CegsfpnBuUz/?utm_source=ig_web_copy_link
5280_76,11-05-2022,21571,97,Antique High Neck Chocker - Suitable for Small Neck!!!,https://www.instagram.com/p/CdaqPO8lJ-y/?utm_source=ig_web_copy_link
2833_48,07-06-2022,359,0,#Nike,https://www.instagram.com/p/CefrjLEBTjU/?utm_source=ig_web_copy_link
2833_49,05-06-2022,1308,0,#Versace,https://www.instagram.com/p/CeajN68ht7e/?utm_source=ig_web_copy_link
5280_77,10-05-2022,19952,50,Enticing  ShortNecklace,https://www.instagram.com/p/CdYM9jjly7K/?utm_source=ig_web_copy_link
5280_78,09-05-2022,10774,62, Beaded Long Haram,https://www.instagram.com/p/CdVcuRhIMxr/?utm_source=ig_web_copy_link
2833_50,03-06-2022,963,0,#Nike,https://www.instagram.com/p/CeVn7QsBPJl/
5280_79,07-05-2022,6017,14,ShortNecklace!!!,https://www.instagram.com/p/CdQWV3KlSii/?utm_source=ig_web_copy_link
2833_51,31-05-2022,1446,0,#Versace,https://www.instagram.com/p/CeOcmV-h-4h/?utm_source=ig_web_copy_link
2833_52,29-05-2022,763,0,#Adidas,https://www.instagram.com/p/CeJNlRNhqxZ/?utm_source=ig_web_copy_link
2833_53,27-05-2022,3184,0,#Adidas,https://www.instagram.com/p/CeEd09mB4Jt/?utm_source=ig_web_copy_link
2833_54,19-05-2022,8623,0,#Yankees,https://www.instagram.com/p/Cdv76NjBtJI/?utm_source=ig_web_copy_link
2833_55,12-05-2022,1509,0,#Givency Paris,https://www.instagram.com/p/Cdd4BcmI6gi/?utm_source=ig_web_copy_link
2833_56,12-05-2022,1263,0,#Gucci,https://www.instagram.com/p/CddBDAyosuV/
2833_57,05-05-2022,565,0,#Nike,https://www.instagram.com/p/CdKaVXzhLH7/?utm_source=ig_web_copy_link